day_of_week,engagement_rate
Monday,14.2097
Tuesday,34.634725
Wednesday,24.114175
Thursday,22.60376666666667
Friday,34.734609999999996
Saturday,23.5229
Sunday,15.58765
