month_year,engagement_rate,post_count
2025-07,47.4446,8
2025-08,31.374533333333332,3
2025-09,4.725616666666666,12
2025-10,30.583685714285714,7
2025-11,34.6311,2
2026-06,81.4377,1
